Precision,Recall,F1 Score,Specificity
0.8913043478260869,0.41566820276497696,0.5669390320553112,0.7924528301886793
